<?xml version="1.0"?>
<metadata xml:lang="en">
	<Esri>
		<CreaDate>20240719</CreaDate>
		<CreaTime>15205800</CreaTime>
		<ArcGISFormat>1.0</ArcGISFormat>
		<SyncOnce>FALSE</SyncOnce>
		<DataProperties>
			<lineage>
				<Process ToolSource="c:\program files (x86)\arcgis\desktop10.8\ArcToolbox\Toolboxes\Conversion Tools.tbx\FeatureClassToFeatureClass" Date="20240712" Time="150334">FeatureClassToFeatureClass C:\Connections\TXGIO\BowieCAD.sde\BowieCAD.dbo.svewTNRISBowieParcels D:\TNRISYearlyUpdates\_Shapefiles stratmap24_landparcels_48037_bowie_20240401.shp # "Prop_ID "Prop_ID" true true false 50 Text 0 0 ,First,#,C:\Connections\TXGIO\BowieCAD.sde\BowieCAD.dbo.svewTNRISBowieParcels,Prop_ID,-1,-1;GEO_ID "GEO_ID" true true false 50 Text 0 0 ,First,#,C:\Connections\TXGIO\BowieCAD.sde\BowieCAD.dbo.svewTNRISBowieParcels,GEO_ID,-1,-1;OWNER_NAME "OWNER_NAME" true true false 254 Text 0 0 ,First,#,C:\Connections\TXGIO\BowieCAD.sde\BowieCAD.dbo.svewTNRISBowieParcels,OWNER_NAME,-1,-1;NAME_CARE "NAME_CARE" true true false 254 Text 0 0 ,First,#,C:\Connections\TXGIO\BowieCAD.sde\BowieCAD.dbo.svewTNRISBowieParcels,NAME_CARE,-1,-1;LEGAL_AREA "LEGAL_AREA" true true false 8 Double 0 0 ,First,#,C:\Connections\TXGIO\BowieCAD.sde\BowieCAD.dbo.svewTNRISBowieParcels,LEGAL_AREA,-1,-1;LGL_AREA_U "LGL_AREA_U" true true false 8 Text 0 0 ,First,#,C:\Connections\TXGIO\BowieCAD.sde\BowieCAD.dbo.svewTNRISBowieParcels,LGL_AREA_UNIT,-1,-1;GIS_AREA "GIS_AREA" true true false 8 Double 0 0 ,First,#,C:\Connections\TXGIO\BowieCAD.sde\BowieCAD.dbo.svewTNRISBowieParcels,GIS_AREA,-1,-1;GIS_AREA_U "GIS_AREA_U" true true false 8 Text 0 0 ,First,#,C:\Connections\TXGIO\BowieCAD.sde\BowieCAD.dbo.svewTNRISBowieParcels,GIS_AREA_UNIT,-1,-1;LEGAL_DESC "LEGAL_DESC" true true false 254 Text 0 0 ,First,#,C:\Connections\TXGIO\BowieCAD.sde\BowieCAD.dbo.svewTNRISBowieParcels,LEGAL_DESC,-1,-1;STAT_LAND_ "STAT_LAND_" true true false 5 Text 0 0 ,First,#,C:\Connections\TXGIO\BowieCAD.sde\BowieCAD.dbo.svewTNRISBowieParcels,STAT_LAND_USE,-1,-1;LOC_LAND_U "LOC_LAND_U" true true false 5 Text 0 0 ,First,#,C:\Connections\TXGIO\BowieCAD.sde\BowieCAD.dbo.svewTNRISBowieParcels,LOC_LAND_USE,-1,-1;LAND_VALUE "LAND_VALUE" true true false 8 Double 0 0 ,First,#,C:\Connections\TXGIO\BowieCAD.sde\BowieCAD.dbo.svewTNRISBowieParcels,LAND_VALUE,-1,-1;IMP_VALUE "IMP_VALUE" true true false 8 Double 0 0 ,First,#,C:\Connections\TXGIO\BowieCAD.sde\BowieCAD.dbo.svewTNRISBowieParcels,IMP_VALUE,-1,-1;MKT_VALUE "MKT_VALUE" true true false 8 Double 0 0 ,First,#,C:\Connections\TXGIO\BowieCAD.sde\BowieCAD.dbo.svewTNRISBowieParcels,MKT_VALUE,-1,-1;SITUS_ADDR "SITUS_ADDR" true true false 254 Text 0 0 ,First,#,C:\Connections\TXGIO\BowieCAD.sde\BowieCAD.dbo.svewTNRISBowieParcels,SITUS_ADDR,-1,-1;SITUS_NUM "SITUS_NUM" true true false 15 Text 0 0 ,First,#,C:\Connections\TXGIO\BowieCAD.sde\BowieCAD.dbo.svewTNRISBowieParcels,SITUS_NUM,-1,-1;SITUS_STRE "SITUS_STRE" true true false 10 Text 0 0 ,First,#,C:\Connections\TXGIO\BowieCAD.sde\BowieCAD.dbo.svewTNRISBowieParcels,SITUS_STRE,-1,-1;SITUS_ST_1 "SITUS_ST_1" true true false 60 Text 0 0 ,First,#,C:\Connections\TXGIO\BowieCAD.sde\BowieCAD.dbo.svewTNRISBowieParcels,SITUS_ST_1,-1,-1;SITUS_ST_2 "SITUS_ST_2" true true false 60 Text 0 0 ,First,#,C:\Connections\TXGIO\BowieCAD.sde\BowieCAD.dbo.svewTNRISBowieParcels,SITUS_ST_2,-1,-1;SITUS_CITY "SITUS_CITY" true true false 60 Text 0 0 ,First,#,C:\Connections\TXGIO\BowieCAD.sde\BowieCAD.dbo.svewTNRISBowieParcels,SITUS_CITY,-1,-1;SITUS_STAT "SITUS_STAT" true true false 2 Text 0 0 ,First,#,C:\Connections\TXGIO\BowieCAD.sde\BowieCAD.dbo.svewTNRISBowieParcels,SITUS_STAT,-1,-1;SITUS_ZIP "SITUS_ZIP" true true false 5 Text 0 0 ,First,#,C:\Connections\TXGIO\BowieCAD.sde\BowieCAD.dbo.svewTNRISBowieParcels,SITUS_ZIP,-1,-1;MAIL_ADDR "MAIL_ADDR" true true false 254 Text 0 0 ,First,#,C:\Connections\TXGIO\BowieCAD.sde\BowieCAD.dbo.svewTNRISBowieParcels,MAIL_ADDR,-1,-1;MAIL_LINE1 "MAIL_LINE1" true true false 60 Text 0 0 ,First,#,C:\Connections\TXGIO\BowieCAD.sde\BowieCAD.dbo.svewTNRISBowieParcels,MAIL_LINE1,-1,-1;MAIL_LINE2 "MAIL_LINE2" true true false 60 Text 0 0 ,First,#,C:\Connections\TXGIO\BowieCAD.sde\BowieCAD.dbo.svewTNRISBowieParcels,MAIL_LINE2,-1,-1;MAIL_CITY "MAIL_CITY" true true false 60 Text 0 0 ,First,#,C:\Connections\TXGIO\BowieCAD.sde\BowieCAD.dbo.svewTNRISBowieParcels,MAIL_CITY,-1,-1;MAIL_STAT "MAIL_STAT" true true false 2 Text 0 0 ,First,#,C:\Connections\TXGIO\BowieCAD.sde\BowieCAD.dbo.svewTNRISBowieParcels,MAIL_STAT,-1,-1;MAIL_ZIP "MAIL_ZIP" true true false 5 Text 0 0 ,First,#,C:\Connections\TXGIO\BowieCAD.sde\BowieCAD.dbo.svewTNRISBowieParcels,MAIL_ZIP,-1,-1;SOURCE "SOURCE" true true false 100 Text 0 0 ,First,#,C:\Connections\TXGIO\BowieCAD.sde\BowieCAD.dbo.svewTNRISBowieParcels,SOURCE,-1,-1;DATE_ACQ "DATE_ACQ" true true false 4 Long 0 10 ,First,#,C:\Connections\TXGIO\BowieCAD.sde\BowieCAD.dbo.svewTNRISBowieParcels,DATE_ACQ,-1,-1;FIPS "FIPS" true true false 5 Text 0 0 ,First,#,C:\Connections\TXGIO\BowieCAD.sde\BowieCAD.dbo.svewTNRISBowieParcels,FIPS,-1,-1;COUNTY "COUNTY" true true false 60 Text 0 0 ,First,#,C:\Connections\TXGIO\BowieCAD.sde\BowieCAD.dbo.svewTNRISBowieParcels,COUNTY,-1,-1;TAX_YEAR "TAX_YEAR" true true false 4 Long 0 10 ,First,#,C:\Connections\TXGIO\BowieCAD.sde\BowieCAD.dbo.svewTNRISBowieParcels,TAX_YEAR,-1,-1;YEAR_BUILT "YEAR_BUILT" true true false 60 Text 0 0 ,First,#,C:\Connections\TXGIO\BowieCAD.sde\BowieCAD.dbo.svewTNRISBowieParcels,YEAR_BUILT,-1,-1;OBJECTID "OBJECTID" true false false 4 Long 0 10 ,First,#,C:\Connections\TXGIO\BowieCAD.sde\BowieCAD.dbo.svewTNRISBowieParcels,OBJECTID,-1,-1" #</Process>
				<Process ToolSource="c:\program files\arcgis\pro\Resources\ArcToolbox\Toolboxes\Data Management Tools.tbx\CopyMultiple" Date="20240719" Time="153024">CopyMultiple "Z:\lp\2024_collection\01_source_data\delivery_3\stratmap-2024-land-parcels\shp\stratmap24-landparcels_48029_bexar_20240401.shp shapefile_polygon;Z:\lp\2024_collection\01_source_data\delivery_3\stratmap-2024-land-parcels\shp\stratmap24-landparcels_48037_bowie_20240401.shp shapefile_polygon;Z:\lp\2024_collection\01_source_data\delivery_3\stratmap-2024-land-parcels\shp\stratmap24-landparcels_48061_cameron_20240601.shp shapefile_polygon;Z:\lp\2024_collection\01_source_data\delivery_3\stratmap-2024-land-parcels\shp\stratmap24-landparcels_48085_collin_20240601.shp shapefile_polygon;Z:\lp\2024_collection\01_source_data\delivery_3\stratmap-2024-land-parcels\shp\stratmap24-landparcels_48123_dewitt_20240601.shp shapefile_polygon;Z:\lp\2024_collection\01_source_data\delivery_3\stratmap-2024-land-parcels\shp\stratmap24-landparcels_48135_ector_20240601.shp shapefile_polygon;Z:\lp\2024_collection\01_source_data\delivery_3\stratmap-2024-land-parcels\shp\stratmap24-landparcels_48153_floyd_20240601.shp shapefile_polygon;Z:\lp\2024_collection\01_source_data\delivery_3\stratmap-2024-land-parcels\shp\stratmap24-landparcels_48167_galveston_20240601.shp shapefile_polygon;Z:\lp\2024_collection\01_source_data\delivery_3\stratmap-2024-land-parcels\shp\stratmap24-landparcels_48303_lubbock_20240601.shp shapefile_polygon;Z:\lp\2024_collection\01_source_data\delivery_3\stratmap-2024-land-parcels\shp\stratmap24-landparcels_48329_midland_20240601.shp shapefile_polygon;Z:\lp\2024_collection\01_source_data\delivery_3\stratmap-2024-land-parcels\shp\stratmap24-landparcels_48345_motley_20240601.shp shapefile_point;Z:\lp\2024_collection\01_source_data\delivery_3\stratmap-2024-land-parcels\shp\stratmap24-landparcels_48347_nacogdoches_20240601.shp shapefile_polygon;Z:\lp\2024_collection\01_source_data\delivery_3\stratmap-2024-land-parcels\shp\stratmap24-landparcels_48383_reagan_20240601.shp shapefile_polygon;Z:\lp\2024_collection\01_source_data\delivery_3\stratmap-2024-land-parcels\shp\stratmap24-landparcels_48397_rockwall_20240601.shp shapefile_polygon;Z:\lp\2024_collection\01_source_data\delivery_3\stratmap-2024-land-parcels\shp\stratmap24-landparcels_48403_sabine_20240601.shp shapefile_polygon;Z:\lp\2024_collection\01_source_data\delivery_3\stratmap-2024-land-parcels\shp\stratmap24-landparcels_48465_valverde_20240601.shp shapefile_polygon;Z:\lp\2024_collection\01_source_data\delivery_3\stratmap-2024-land-parcels\shp\stratmap24-landparcels_48485_wichita_20240601.shp shapefile_polygon;Z:\lp\2024_collection\01_source_data\delivery_3\stratmap-2024-land-parcels\shp\stratmap24-landparcels_48491_williamson_20240601.shp shapefile_polygon" Z:\lp\2024_collection\04_final_data\shp stratmap24-landparcels_48029_bexar_20240401;stratmap24-landparcels_48037_bowie_20240401;stratmap24-landparcels_48061_cameron_20240601;stratmap24-landparcels_48085_collin_20240601;stratmap24-landparcels_48123_dewitt_20240601;stratmap24-landparcels_48135_ector_20240601;stratmap24-landparcels_48153_floyd_20240601;stratmap24-landparcels_48167_galveston_20240601;stratmap24-landparcels_48303_lubbock_20240601;stratmap24-landparcels_48329_midland_20240601;stratmap24-landparcels_48345_motley_20240601;stratmap24-landparcels_48347_nacogdoches_20240601;stratmap24-landparcels_48383_reagan_20240601;stratmap24-landparcels_48397_rockwall_20240601;stratmap24-landparcels_48403_sabine_20240601;stratmap24-landparcels_48465_valverde_20240601;stratmap24-landparcels_48485_wichita_20240601;stratmap24-landparcels_48491_williamson_20240601 "stratmap24-landparcels_48029_bexar_20240401 FeatureClass stratmap24-landparcels_48029_bexar_20240401.shp #;stratmap24-landparcels_48037_bowie_20240401 FeatureClass stratmap24-landparcels_48037_bowie_20240401.shp #;stratmap24-landparcels_48061_cameron_20240601 FeatureClass stratmap24-landparcels_48061_cameron_20240601.shp #;stratmap24-landparcels_48085_collin_20240601 FeatureClass stratmap24-landparcels_48085_collin_20240601.shp #;stratmap24-landparcels_48123_dewitt_20240601 FeatureClass stratmap24-landparcels_48123_dewitt_20240601.shp #;stratmap24-landparcels_48135_ector_20240601 FeatureClass stratmap24-landparcels_48135_ector_20240601.shp #;stratmap24-landparcels_48153_floyd_20240601 FeatureClass stratmap24-landparcels_48153_floyd_20240601.shp #;stratmap24-landparcels_48167_galveston_20240601 FeatureClass stratmap24-landparcels_48167_galveston_20240601.shp #;stratmap24-landparcels_48303_lubbock_20240601 FeatureClass stratmap24-landparcels_48303_lubbock_20240601.shp #;stratmap24-landparcels_48329_midland_20240601 FeatureClass stratmap24-landparcels_48329_midland_20240601.shp #;stratmap24-landparcels_48345_motley_20240601 FeatureClass stratmap24-landparcels_48345_motley_20240601.shp #;stratmap24-landparcels_48347_nacogdoches_20240601 FeatureClass stratmap24-landparcels_48347_nacogdoches_20240601.shp #;stratmap24-landparcels_48383_reagan_20240601 FeatureClass stratmap24-landparcels_48383_reagan_20240601.shp #;stratmap24-landparcels_48397_rockwall_20240601 FeatureClass stratmap24-landparcels_48397_rockwall_20240601.shp #;stratmap24-landparcels_48403_sabine_20240601 FeatureClass stratmap24-landparcels_48403_sabine_20240601.shp #;stratmap24-landparcels_48465_valverde_20240601 FeatureClass stratmap24-landparcels_48465_valverde_20240601.shp #;stratmap24-landparcels_48485_wichita_20240601 FeatureClass stratmap24-landparcels_48485_wichita_20240601.shp #;stratmap24-landparcels_48491_williamson_20240601 FeatureClass stratmap24-landparcels_48491_williamson_20240601.shp #"</Process>
			</lineage>
			<itemProps>
				<itemLocation>
					<linkage Sync="TRUE">file://\\gorgoroth\IncomingData\lp\2024_collection\04_final_data\shp\stratmap24-landparcels_48037_bowie_20240401.shp</linkage>
					<protocol Sync="TRUE">Local Area Network</protocol>
				</itemLocation>
				<imsContentType Sync="TRUE">002</imsContentType>
				<itemName Sync="TRUE">stratmap24-landparcels_48037_bowie_20240401</itemName><nativeExtBox><westBL Sync="TRUE">-10547292.574000</westBL><eastBL Sync="TRUE">-10468803.616600</eastBL><southBL Sync="TRUE">3926806.056000</southBL><northBL Sync="TRUE">3989136.731000</northBL><exTypeCode Sync="TRUE">1</exTypeCode></nativeExtBox><itemSize Sync="TRUE">10.228</itemSize></itemProps>
			<copyHistory>
				<copy source="Z:\lp\2024_collection\01_source_data\delivery_3\stratmap-2024-land-parcels\shp\stratmap24-landparcels_48037_bowie_20240401" dest="\\gorgoroth\IncomingData\lp\2024_collection\04_final_data\shp\stratmap24-landparcels_48037_bowie_20240401" date="20240719" time="15205800"></copy>
			</copyHistory>
			<coordRef><type Sync="TRUE">Projected</type><geogcsn Sync="TRUE">GCS_WGS_1984</geogcsn><csUnits Sync="TRUE">Linear Unit: Meter (1.000000)</csUnits><projcsn Sync="TRUE">WGS_1984_Web_Mercator_Auxiliary_Sphere</projcsn><peXml Sync="TRUE">&lt;ProjectedCoordinateSystem xsi:type='typens:ProjectedCoordinateSystem' xmlns:xsi='http://www.w3.org/2001/XMLSchema-instance' xmlns:xs='http://www.w3.org/2001/XMLSchema' xmlns:typens='http://www.esri.com/schemas/ArcGIS/3.3.0'&gt;&lt;WKT&gt;PROJCS[&amp;quot;WGS_1984_Web_Mercator_Auxiliary_Sphere&amp;quot;,GEOGCS[&amp;quot;GCS_WGS_1984&amp;quot;,DATUM[&amp;quot;D_WGS_1984&amp;quot;,SPHEROID[&amp;quot;WGS_1984&amp;quot;,6378137.0,298.257223563]],PRIMEM[&amp;quot;Greenwich&amp;quot;,0.0],UNIT[&amp;quot;Degree&amp;quot;,0.0174532925199433]],PROJECTION[&amp;quot;Mercator_Auxiliary_Sphere&amp;quot;],PARAMETER[&amp;quot;False_Easting&amp;quot;,0.0],PARAMETER[&amp;quot;False_Northing&amp;quot;,0.0],PARAMETER[&amp;quot;Central_Meridian&amp;quot;,0.0],PARAMETER[&amp;quot;Standard_Parallel_1&amp;quot;,0.0],PARAMETER[&amp;quot;Auxiliary_Sphere_Type&amp;quot;,0.0],UNIT[&amp;quot;Meter&amp;quot;,1.0],AUTHORITY[&amp;quot;EPSG&amp;quot;,3857]]&lt;/WKT&gt;&lt;XOrigin&gt;-20037700&lt;/XOrigin&gt;&lt;YOrigin&gt;-30241100&lt;/YOrigin&gt;&lt;XYScale&gt;148923141.92838538&lt;/XYScale&gt;&lt;ZOrigin&gt;-100000&lt;/ZOrigin&gt;&lt;ZScale&gt;10000&lt;/ZScale&gt;&lt;MOrigin&gt;-100000&lt;/MOrigin&gt;&lt;MScale&gt;10000&lt;/MScale&gt;&lt;XYTolerance&gt;0.001&lt;/XYTolerance&gt;&lt;ZTolerance&gt;0.001&lt;/ZTolerance&gt;&lt;MTolerance&gt;0.001&lt;/MTolerance&gt;&lt;HighPrecision&gt;true&lt;/HighPrecision&gt;&lt;WKID&gt;102100&lt;/WKID&gt;&lt;LatestWKID&gt;3857&lt;/LatestWKID&gt;&lt;/ProjectedCoordinateSystem&gt;</peXml></coordRef></DataProperties>
		<scaleRange><minScale>150000000</minScale><maxScale>5000</maxScale></scaleRange>
		<SyncDate>20240807</SyncDate><SyncTime>08220400</SyncTime><ModDate>20240807</ModDate><ModTime>08220400</ModTime></Esri>
	<mdLang><languageCode value="eng" Sync="TRUE"/><countryCode value="USA" Sync="TRUE"/></mdLang>
	<mdHrLv><ScopeCd value="005" Sync="TRUE"/></mdHrLv>
	<mdHrLvName Sync="TRUE">dataset</mdHrLvName>
	<mdDateSt Sync="TRUE">20240807</mdDateSt>
	<distInfo><distFormat><formatName Sync="TRUE">Shapefile</formatName></distFormat><distTranOps><transSize Sync="TRUE">10.228</transSize></distTranOps></distInfo>
	<dataIdInfo><envirDesc Sync="TRUE">Microsoft Windows 10 Version 10.0 (Build 22631) ; Esri ArcGIS 13.3.0.52636</envirDesc><dataLang><languageCode value="eng" Sync="TRUE"/><countryCode value="USA" Sync="TRUE"/></dataLang><idCitation><resTitle Sync="TRUE">stratmap24-landparcels_48037_bowie_20240401</resTitle><presForm><PresFormCd value="005" Sync="TRUE"/></presForm></idCitation><spatRpType><SpatRepTypCd value="001" Sync="TRUE"/></spatRpType><idPurp>This dataset was acquired from the County Appraisal District (CAD) or their vendor by BIS Consultants and delivered to TxGIO for distribution in the TxGIO DataHub as part of the annually updated statewide land parcel program.  Visit the website for current details, program progress, and FAQs https://geographic.texas.gov/stratmap/land-parcels.html

BIS Consultants compiled existing parcel data and transformed it into a common schema via translation tools for ease of use statewide.  When applicable, some fields were concatenated or calculated.  Null or empty values denote absence of data in the provided request.  Geometry was not edited nor will be in the future by TxGIO.  Please contact the CAD or their vendor for more information that is outside of the scope of this dataset or program.

Field descriptions are taken from industry standards and supplemented by TxGIO.
</idPurp><idAbs>&lt;DIV STYLE="text-align:Left;"&gt;&lt;DIV&gt;&lt;DIV&gt;&lt;P&gt;&lt;SPAN&gt;Date acquired by TxGIO: July 2024&lt;/SPAN&gt;&lt;/P&gt;&lt;/DIV&gt;&lt;/DIV&gt;&lt;/DIV&gt;</idAbs><idCredit>County Appraisal District
BIS Consultants</idCredit><searchKeys><keyword>Parcels</keyword><keyword>County</keyword></searchKeys><resConst><Consts><useLimit>&lt;DIV STYLE="text-align:Left;"&gt;&lt;DIV&gt;&lt;DIV&gt;&lt;P&gt;&lt;SPAN&gt;TxGIO takes no responsibility for the spatial accuracy, completeness, or currency of the data.  The dataset may not be survey grade and should not be utilized as such.&lt;/SPAN&gt;&lt;/P&gt;&lt;/DIV&gt;&lt;/DIV&gt;&lt;/DIV&gt;</useLimit></Consts></resConst><dataExt><geoEle><GeoBndBox esriExtentType="search"><exTypeCode Sync="TRUE">1</exTypeCode><westBL Sync="TRUE">-94.747941</westBL><eastBL Sync="TRUE">-94.042863</eastBL><northBL Sync="TRUE">33.704085</northBL><southBL Sync="TRUE">33.237014</southBL></GeoBndBox></geoEle></dataExt></dataIdInfo>
	<spatRepInfo><VectSpatRep><geometObjs Name="stratmap24-landparcels_48037_bowie_20240401"><geoObjTyp><GeoObjTypCd value="002" Sync="TRUE"></GeoObjTypCd></geoObjTyp><geoObjCnt Sync="TRUE">53208</geoObjCnt></geometObjs><topLvl><TopoLevCd value="001" Sync="TRUE"></TopoLevCd></topLvl></VectSpatRep></spatRepInfo>
	<refSysInfo><RefSystem><refSysID><identCode code="3857" Sync="TRUE"/><idCodeSpace Sync="TRUE">EPSG</idCodeSpace><idVersion Sync="TRUE">6.18.3(9.3.1.2)</idVersion></refSysID></RefSystem></refSysInfo>
	<eainfo><detailed Name="stratmap24-landparcels_48037_bowie_20240401"><enttyp><enttypl Sync="TRUE">stratmap24-landparcels_48037_bowie_20240401</enttypl><enttypt Sync="TRUE">Feature Class</enttypt><enttypc Sync="TRUE">53208</enttypc></enttyp><attr><attrlabl Sync="TRUE">FID</attrlabl><attalias Sync="TRUE">FID</attalias><attrtype Sync="TRUE">OID</attrtype><attwidth Sync="TRUE">4</attwidth><atprecis Sync="TRUE">0</atprecis><attscale Sync="TRUE">0</attscale><attrdef Sync="TRUE">Internal feature number.</attrdef><attrdefs Sync="TRUE">Esri</attrdefs><attrdomv><udom Sync="TRUE">Sequential unique whole numbers that are automatically generated.</udom></attrdomv></attr><attr><attrlabl Sync="TRUE">Shape</attrlabl><attalias Sync="TRUE">Shape</attalias><attrtype Sync="TRUE">Geometry</attrtype><attwidth Sync="TRUE">0</attwidth><atprecis Sync="TRUE">0</atprecis><attscale Sync="TRUE">0</attscale><attrdef Sync="TRUE">Feature geometry.</attrdef><attrdefs Sync="TRUE">Esri</attrdefs><attrdomv><udom Sync="TRUE">Coordinates defining the features.</udom></attrdomv></attr><attr><attrlabl Sync="TRUE">PROP_ID</attrlabl><attalias Sync="TRUE">Prop_ID</attalias><attrtype Sync="TRUE">String</attrtype><attwidth Sync="TRUE">50</attwidth><atprecis Sync="TRUE">0</atprecis><attscale Sync="TRUE">0</attscale></attr><attr><attrlabl Sync="TRUE">GEO_ID</attrlabl><attalias Sync="TRUE">GEO_ID</attalias><attrtype Sync="TRUE">String</attrtype><attwidth Sync="TRUE">50</attwidth><atprecis Sync="TRUE">0</atprecis><attscale Sync="TRUE">0</attscale></attr><attr><attrlabl Sync="TRUE">OWNER_NAME</attrlabl><attalias Sync="TRUE">OWNER_NAME</attalias><attrtype Sync="TRUE">String</attrtype><attwidth Sync="TRUE">254</attwidth><atprecis Sync="TRUE">0</atprecis><attscale Sync="TRUE">0</attscale></attr><attr><attrlabl Sync="TRUE">NAME_CARE</attrlabl><attalias Sync="TRUE">NAME_CARE</attalias><attrtype Sync="TRUE">String</attrtype><attwidth Sync="TRUE">254</attwidth><atprecis Sync="TRUE">0</atprecis><attscale Sync="TRUE">0</attscale></attr><attr><attrlabl Sync="TRUE">LEGAL_AREA</attrlabl><attalias Sync="TRUE">LEGAL_AREA</attalias><attrtype Sync="TRUE">Double</attrtype><attwidth Sync="TRUE">19</attwidth><atprecis Sync="TRUE">0</atprecis><attscale Sync="TRUE">0</attscale></attr><attr><attrlabl Sync="TRUE">LGL_AREA_U</attrlabl><attalias Sync="TRUE">LGL_AREA_U</attalias><attrtype Sync="TRUE">String</attrtype><attwidth Sync="TRUE">8</attwidth><atprecis Sync="TRUE">0</atprecis><attscale Sync="TRUE">0</attscale></attr><attr><attrlabl Sync="TRUE">GIS_AREA</attrlabl><attalias Sync="TRUE">GIS_AREA</attalias><attrtype Sync="TRUE">Double</attrtype><attwidth Sync="TRUE">19</attwidth><atprecis Sync="TRUE">0</atprecis><attscale Sync="TRUE">0</attscale></attr><attr><attrlabl Sync="TRUE">GIS_AREA_U</attrlabl><attalias Sync="TRUE">GIS_AREA_U</attalias><attrtype Sync="TRUE">String</attrtype><attwidth Sync="TRUE">8</attwidth><atprecis Sync="TRUE">0</atprecis><attscale Sync="TRUE">0</attscale></attr><attr><attrlabl Sync="TRUE">LEGAL_DESC</attrlabl><attalias Sync="TRUE">LEGAL_DESC</attalias><attrtype Sync="TRUE">String</attrtype><attwidth Sync="TRUE">254</attwidth><atprecis Sync="TRUE">0</atprecis><attscale Sync="TRUE">0</attscale></attr><attr><attrlabl Sync="TRUE">STAT_LAND_</attrlabl><attalias Sync="TRUE">STAT_LAND_</attalias><attrtype Sync="TRUE">String</attrtype><attwidth Sync="TRUE">5</attwidth><atprecis Sync="TRUE">0</atprecis><attscale Sync="TRUE">0</attscale></attr><attr><attrlabl Sync="TRUE">LOC_LAND_U</attrlabl><attalias Sync="TRUE">LOC_LAND_U</attalias><attrtype Sync="TRUE">String</attrtype><attwidth Sync="TRUE">5</attwidth><atprecis Sync="TRUE">0</atprecis><attscale Sync="TRUE">0</attscale></attr><attr><attrlabl Sync="TRUE">LAND_VALUE</attrlabl><attalias Sync="TRUE">LAND_VALUE</attalias><attrtype Sync="TRUE">Double</attrtype><attwidth Sync="TRUE">19</attwidth><atprecis Sync="TRUE">0</atprecis><attscale Sync="TRUE">0</attscale></attr><attr><attrlabl Sync="TRUE">IMP_VALUE</attrlabl><attalias Sync="TRUE">IMP_VALUE</attalias><attrtype Sync="TRUE">Double</attrtype><attwidth Sync="TRUE">19</attwidth><atprecis Sync="TRUE">0</atprecis><attscale Sync="TRUE">0</attscale></attr><attr><attrlabl Sync="TRUE">MKT_VALUE</attrlabl><attalias Sync="TRUE">MKT_VALUE</attalias><attrtype Sync="TRUE">Double</attrtype><attwidth Sync="TRUE">19</attwidth><atprecis Sync="TRUE">0</atprecis><attscale Sync="TRUE">0</attscale></attr><attr><attrlabl Sync="TRUE">SITUS_ADDR</attrlabl><attalias Sync="TRUE">SITUS_ADDR</attalias><attrtype Sync="TRUE">String</attrtype><attwidth Sync="TRUE">254</attwidth><atprecis Sync="TRUE">0</atprecis><attscale Sync="TRUE">0</attscale></attr><attr><attrlabl Sync="TRUE">SITUS_NUM</attrlabl><attalias Sync="TRUE">SITUS_NUM</attalias><attrtype Sync="TRUE">String</attrtype><attwidth Sync="TRUE">15</attwidth><atprecis Sync="TRUE">0</atprecis><attscale Sync="TRUE">0</attscale></attr><attr><attrlabl Sync="TRUE">SITUS_STRE</attrlabl><attalias Sync="TRUE">SITUS_STRE</attalias><attrtype Sync="TRUE">String</attrtype><attwidth Sync="TRUE">10</attwidth><atprecis Sync="TRUE">0</atprecis><attscale Sync="TRUE">0</attscale></attr><attr><attrlabl Sync="TRUE">SITUS_ST_1</attrlabl><attalias Sync="TRUE">SITUS_ST_1</attalias><attrtype Sync="TRUE">String</attrtype><attwidth Sync="TRUE">60</attwidth><atprecis Sync="TRUE">0</atprecis><attscale Sync="TRUE">0</attscale></attr><attr><attrlabl Sync="TRUE">SITUS_ST_2</attrlabl><attalias Sync="TRUE">SITUS_ST_2</attalias><attrtype Sync="TRUE">String</attrtype><attwidth Sync="TRUE">60</attwidth><atprecis Sync="TRUE">0</atprecis><attscale Sync="TRUE">0</attscale></attr><attr><attrlabl Sync="TRUE">SITUS_CITY</attrlabl><attalias Sync="TRUE">SITUS_CITY</attalias><attrtype Sync="TRUE">String</attrtype><attwidth Sync="TRUE">60</attwidth><atprecis Sync="TRUE">0</atprecis><attscale Sync="TRUE">0</attscale></attr><attr><attrlabl Sync="TRUE">SITUS_STAT</attrlabl><attalias Sync="TRUE">SITUS_STAT</attalias><attrtype Sync="TRUE">String</attrtype><attwidth Sync="TRUE">2</attwidth><atprecis Sync="TRUE">0</atprecis><attscale Sync="TRUE">0</attscale></attr><attr><attrlabl Sync="TRUE">SITUS_ZIP</attrlabl><attalias Sync="TRUE">SITUS_ZIP</attalias><attrtype Sync="TRUE">String</attrtype><attwidth Sync="TRUE">5</attwidth><atprecis Sync="TRUE">0</atprecis><attscale Sync="TRUE">0</attscale></attr><attr><attrlabl Sync="TRUE">MAIL_ADDR</attrlabl><attalias Sync="TRUE">MAIL_ADDR</attalias><attrtype Sync="TRUE">String</attrtype><attwidth Sync="TRUE">254</attwidth><atprecis Sync="TRUE">0</atprecis><attscale Sync="TRUE">0</attscale></attr><attr><attrlabl Sync="TRUE">MAIL_LINE1</attrlabl><attalias Sync="TRUE">MAIL_LINE1</attalias><attrtype Sync="TRUE">String</attrtype><attwidth Sync="TRUE">60</attwidth><atprecis Sync="TRUE">0</atprecis><attscale Sync="TRUE">0</attscale></attr><attr><attrlabl Sync="TRUE">MAIL_LINE2</attrlabl><attalias Sync="TRUE">MAIL_LINE2</attalias><attrtype Sync="TRUE">String</attrtype><attwidth Sync="TRUE">60</attwidth><atprecis Sync="TRUE">0</atprecis><attscale Sync="TRUE">0</attscale></attr><attr><attrlabl Sync="TRUE">MAIL_CITY</attrlabl><attalias Sync="TRUE">MAIL_CITY</attalias><attrtype Sync="TRUE">String</attrtype><attwidth Sync="TRUE">60</attwidth><atprecis Sync="TRUE">0</atprecis><attscale Sync="TRUE">0</attscale></attr><attr><attrlabl Sync="TRUE">MAIL_STAT</attrlabl><attalias Sync="TRUE">MAIL_STAT</attalias><attrtype Sync="TRUE">String</attrtype><attwidth Sync="TRUE">2</attwidth><atprecis Sync="TRUE">0</atprecis><attscale Sync="TRUE">0</attscale></attr><attr><attrlabl Sync="TRUE">MAIL_ZIP</attrlabl><attalias Sync="TRUE">MAIL_ZIP</attalias><attrtype Sync="TRUE">String</attrtype><attwidth Sync="TRUE">5</attwidth><atprecis Sync="TRUE">0</atprecis><attscale Sync="TRUE">0</attscale></attr><attr><attrlabl Sync="TRUE">SOURCE</attrlabl><attalias Sync="TRUE">SOURCE</attalias><attrtype Sync="TRUE">String</attrtype><attwidth Sync="TRUE">100</attwidth><atprecis Sync="TRUE">0</atprecis><attscale Sync="TRUE">0</attscale></attr><attr><attrlabl Sync="TRUE">DATE_ACQ</attrlabl><attalias Sync="TRUE">DATE_ACQ</attalias><attrtype Sync="TRUE">Integer</attrtype><attwidth Sync="TRUE">10</attwidth><atprecis Sync="TRUE">10</atprecis><attscale Sync="TRUE">0</attscale></attr><attr><attrlabl Sync="TRUE">FIPS</attrlabl><attalias Sync="TRUE">FIPS</attalias><attrtype Sync="TRUE">String</attrtype><attwidth Sync="TRUE">5</attwidth><atprecis Sync="TRUE">0</atprecis><attscale Sync="TRUE">0</attscale></attr><attr><attrlabl Sync="TRUE">COUNTY</attrlabl><attalias Sync="TRUE">COUNTY</attalias><attrtype Sync="TRUE">String</attrtype><attwidth Sync="TRUE">60</attwidth><atprecis Sync="TRUE">0</atprecis><attscale Sync="TRUE">0</attscale></attr><attr><attrlabl Sync="TRUE">TAX_YEAR</attrlabl><attalias Sync="TRUE">TAX_YEAR</attalias><attrtype Sync="TRUE">Integer</attrtype><attwidth Sync="TRUE">10</attwidth><atprecis Sync="TRUE">10</atprecis><attscale Sync="TRUE">0</attscale></attr><attr><attrlabl Sync="TRUE">YEAR_BUILT</attrlabl><attalias Sync="TRUE">YEAR_BUILT</attalias><attrtype Sync="TRUE">String</attrtype><attwidth Sync="TRUE">60</attwidth><atprecis Sync="TRUE">0</atprecis><attscale Sync="TRUE">0</attscale></attr><attr><attrlabl Sync="TRUE">OBJECTID</attrlabl><attalias Sync="TRUE">OBJECTID</attalias><attrtype Sync="TRUE">Integer</attrtype><attwidth Sync="TRUE">10</attwidth><atprecis Sync="TRUE">10</atprecis><attscale Sync="TRUE">0</attscale></attr></detailed></eainfo>
	<spdoinfo><ptvctinf><esriterm Name="stratmap24-landparcels_48037_bowie_20240401"><efeatyp Sync="TRUE">Simple</efeatyp><efeageom code="4" Sync="TRUE"></efeageom><esritopo Sync="TRUE">FALSE</esritopo><efeacnt Sync="TRUE">53208</efeacnt><spindex Sync="TRUE">TRUE</spindex><linrefer Sync="TRUE">FALSE</linrefer></esriterm></ptvctinf></spdoinfo></metadata>
